{"name":"mini+", "description":"By Orz-3", "icons":[{"name":"Personal", "url":"https://raw.githubusercontent.com/Orz-3/mini/master/Alpha/Personal.png"}, {"name":"Team", "url":"https://raw.githubusercontent.com/Orz-3/mini/master/Alpha/Team.png"}, {"name":"Enterprise", "url":"https://raw.githubusercontent.com/Orz-3/mini/master/Alpha/Enterprise.png"}, {"name":"Piao", "url":"https://raw.githubusercontent.com/Orz-3/mini/master/Alpha/Piao.png"}, {"name":"RIP", "url":"https://raw.githubusercontent.com/Orz-3/mini/master/Alpha/RIP.png"}, {"name":"SS", "url":"https://raw.githubusercontent.com/Orz-3/mini/master/Alpha/SS.png"}, {"name":"SSR", "url":"https://raw.githubusercontent.com/Orz-3/mini/master/Alpha/SSR.png"}, {"name":"V2aray", "url":"https://raw.githubusercontent.com/Orz-3/mini/master/Alpha/V2ray.png"}, {"name":"Trojan", "url":"https://raw.githubusercontent.com/Orz-3/mini/master/Alpha/Trojan.png"}, {"name":"Vpn", "url":"https://raw.githubusercontent.com/Orz-3/mini/master/Alpha/Vpn.png"}]}
