{"name":"mini Color", "description":"by Orz-3", "icons":[{"name":"Global", "url":"https://raw.githubusercontent.com/Orz-3/mini/master/Color/Global.png"}, {"name":"China", "url":"https://raw.githubusercontent.com/Orz-3/mini/master/Color/China.png"}, {"name":"Streaming", "url":"https://raw.githubusercontent.com/Orz-3/mini/master/Color/Streaming.png"}, {"name":"StreamingSE", "url":"https://raw.githubusercontent.com/Orz-3/mini/master/Color/StreamingSE.png"}, {"name":"StreamingCN", "url":"https://raw.githubusercontent.com/Orz-3/mini/master/Color/StreamingCN.png"}, {"name":"Static", "url":"https://raw.githubusercontent.com/Orz-3/mini/master/Color/Static.png"}, {"name":"Urltest", "url":"https://raw.githubusercontent.com/Orz-3/mini/master/Color/Urltest.png"}, {"name":"Available", "url":"https://raw.githubusercontent.com/Orz-3/mini/master/Color/Available.png"}, {"name":"Roundrobin", "url":"https://raw.githubusercontent.com/Orz-3/mini/master/Color/Roundrobin.png"}, {"name":"SSID", "url":"https://raw.githubusercontent.com/Orz-3/mini/master/Color/SSID.png"}, {"name":"Telegram", "url":"https://raw.githubusercontent.com/Orz-3/mini/master/Color/Telegram.png"}, {"name":"Instagram", "url":"https://raw.githubusercontent.com/Orz-3/mini/master/Color/Instagram.png"}, {"name":"Speedtest", "url":"https://raw.githubusercontent.com/Orz-3/mini/master/Color/Speedtest.png"}, {"name":"Adblock", "url":"https://raw.githubusercontent.com/Orz-3/mini/master/Color/Adblock.png"}, {"name":"Final", "url":"https://raw.githubusercontent.com/Orz-3/mini/master/Color/Final.png"}, {"name":"Google", "url":"https://raw.githubusercontent.com/Orz-3/mini/master/Color/Google.png"}, {"name":"Apple", "url":"https://raw.githubusercontent.com/Orz-3/mini/master/Color/Apple.png"}, {"name":"Microsoft", "url":"https://raw.githubusercontent.com/Orz-3/mini/master/Color/Microsoft.png"}, {"name":"Twitter", "url":"https://raw.githubusercontent.com/Orz-3/mini/master/Color/Twitter.png"}, {"name":"Paypal", "url":"https://raw.githubusercontent.com/Orz-3/mini/master/Color/Paypal.png"}, {"name":"GoogleDrive", "url":"https://raw.githubusercontent.com/Orz-3/mini/master/Color/GoogleDrive.png"}, {"name":"AppleTV", "url":"https://raw.githubusercontent.com/Orz-3/mini/master/Color/AppleTV.png"}, {"name":"Discovery+", "url":"https://raw.githubusercontent.com/Orz-3/mini/master/Color/Discovery.png"}, {"name":"Clubhouse", "url":"https://raw.githubusercontent.com/Orz-3/mini/master/Color/Clubhouse.png"}, {"name":"NeteaseMusic", "url":"https://raw.githubusercontent.com/Orz-3/mini/master/Color/Netease.png"}, {"name":"YouTube", "url":"https://raw.githubusercontent.com/Orz-3/mini/master/Color/YouTube.png"}, {"name":"Netflix", "url":"https://raw.githubusercontent.com/Orz-3/mini/master/Color/Netflix.png"}, {"name":"Spotify", "url":"https://raw.githubusercontent.com/Orz-3/mini/master/Color/Spotify.png"}, {"name":"Emby", "url":"https://raw.githubusercontent.com/Orz-3/mini/master/Color/Emby.png"}, {"name":"PLUS", "url":"https://raw.githubusercontent.com/Orz-3/mini/master/Color/PLUS.png"}, {"name":"TikTok", "url":"https://raw.githubusercontent.com/Orz-3/mini/master/Color/TikTok.png"}, {"name":"Bahamut", "url":"https://raw.githubusercontent.com/Orz-3/mini/master/Color/Bahamut.png"}, {"name":"Pornhub", "url":"https://raw.githubusercontent.com/Orz-3/mini/master/Color/Pornhub.png"}, {"name":"Bilibili", "url":"https://raw.githubusercontent.com/Orz-3/mini/master/Color/Bili.png"}, {"name":"Disney+", "url":"https://raw.githubusercontent.com/Orz-3/mini/master/Color/DisneyPlus.png"}, {"name":"HBO", "url":"https://raw.githubusercontent.com/Orz-3/mini/master/Color/HBO.png"}, {"name":"Hulu", "url":"https://raw.githubusercontent.com/Orz-3/mini/master/Color/Hulu.png"}, {"name":"PrimeVideo", "url":"https://raw.githubusercontent.com/Orz-3/mini/master/Color/PrimeVideo.png"}, {"name":"LineTV", "url":"https://raw.githubusercontent.com/Orz-3/mini/master/Color/LineTV.png"}, {"name":"Paramount", "url":"https://raw.githubusercontent.com/Orz-3/mini/master/Color/Paramount.png"}, {"name":"HK", "url":"https://raw.githubusercontent.com/Orz-3/mini/master/Color/HK.png"}, {"name":"MO", "url":"https://raw.githubusercontent.com/Orz-3/mini/master/Color/MO.png"}, {"name":"TW", "url":"https://raw.githubusercontent.com/Orz-3/mini/master/Color/TW.png"}, {"name":"CN", "url":"https://raw.githubusercontent.com/Orz-3/mini/master/Color/CN.png"}, {"name":"GAME", "url":"https://raw.githubusercontent.com/Orz-3/mini/master/Color/GAME.png"}, {"name":"JP", "url":"https://raw.githubusercontent.com/Orz-3/mini/master/Color/JP.png"}, {"name":"KR", "url":"https://raw.githubusercontent.com/Orz-3/mini/master/Color/KR.png"}, {"name":"SG", "url":"https://raw.githubusercontent.com/Orz-3/mini/master/Color/SG.png"}, {"name":"VN", "url":"https://raw.githubusercontent.com/Orz-3/mini/master/Color/VN.png"}, {"name":"TH", "url":"https://raw.githubusercontent.com/Orz-3/mini/master/Color/TH.png"}, {"name":"RU", "url":"https://raw.githubusercontent.com/Orz-3/mini/master/Color/RU.png"}, {"name":"UK", "url":"https://raw.githubusercontent.com/Orz-3/mini/master/Color/UK.png"}, {"name":"FR", "url":"https://raw.githubusercontent.com/Orz-3/mini/master/Color/FR.png"}, {"name":"DE", "url":"https://raw.githubusercontent.com/Orz-3/mini/master/Color/DE.png"}, {"name":"TR", "url":"https://raw.githubusercontent.com/Orz-3/mini/master/Color/TR.png"}, {"name":"US", "url":"https://raw.githubusercontent.com/Orz-3/mini/master/Color/US.png"}, {"name":"CA", "url":"https://raw.githubusercontent.com/Orz-3/mini/master/Color/CA.png"}, {"name":"AU", "url":"https://raw.githubusercontent.com/Orz-3/mini/master/Color/AU.png"}, {"name":"XD", "url":"https://raw.githubusercontent.com/Orz-3/mini/master/Color/XD.png"}, {"name":"UN", "url":"https://raw.githubusercontent.com/Orz-3/mini/master/Color/UN.png"}]}
